iter	Passed	Remaining
0	134	134470
1	135	67701
2	136	45419
3	137	34249
4	138	27553
5	139	23084
6	140	19880
7	140	17482
8	141	15611
9	142	14118
10	143	12919
11	144	11917
12	145	11055
13	146	10322
14	147	9682
15	148	9129
16	150	8711
17	151	8277
18	152	7886
19	153	7526
20	154	7196
21	155	6898
22	155	6625
23	156	6375
24	157	6150
25	158	5950
26	160	5773
27	161	5590
28	161	5418
29	162	5257
30	163	5106
31	164	4965
32	164	4833
33	165	4709
34	166	4591
35	167	4480
36	168	4375
37	168	4276
38	169	4181
39	170	4091
40	171	4008
41	172	3934
42	173	3865
43	174	3795
44	175	3725
45	176	3660
46	177	3595
47	178	3534
48	179	3474
49	179	3417
50	180	3361
51	181	3307
52	182	3255
53	182	3205
54	183	3156
55	184	3110
56	185	3065
57	186	3021
58	187	2983
59	188	2948
60	189	2911
61	189	2872
62	190	2836
63	191	2800
64	192	2766
65	193	2732
66	193	2699
67	194	2667
68	195	2636
69	196	2606
70	196	2576
71	197	2548
72	198	2521
73	199	2494
74	200	2468
75	201	2444
76	202	2426
77	203	2408
78	204	2385
79	205	2361
80	206	2338
81	206	2316
82	207	2290
83	208	2269
84	208	2249
85	209	2228
86	210	2208
87	211	2189
88	212	2170
89	212	2152
90	213	2133
91	214	2116
92	215	2102
93	216	2085
94	217	2076
95	218	2061
96	219	2046
97	220	2031
98	221	2015
99	222	2000
100	223	1985
101	223	1970
102	224	1955
103	225	1941
104	226	1927
105	226	1913
106	227	1900
107	228	1886
108	229	1874
109	230	1862
110	231	1852
111	232	1841
112	233	1830
113	234	1818
114	234	1807
115	235	1796
116	236	1783
117	237	1773
118	238	1762
119	238	1751
120	239	1742
121	240	1731
122	241	1722
123	242	1712
124	243	1702
125	244	1692
126	244	1682
127	245	1675
128	247	1668
129	248	1659
130	248	1651
131	249	1642
132	250	1633
133	251	1625
134	252	1617
135	253	1609
136	254	1600
137	254	1592
138	255	1585
139	256	1577
140	257	1569
141	258	1559
142	258	1551
143	259	1544
144	260	1537
145	261	1530
146	262	1522
147	263	1515
148	263	1507
149	264	1500
150	265	1493
151	266	1485
152	267	1478
153	267	1471
154	268	1463
155	269	1456
156	270	1449
157	270	1443
158	271	1436
159	272	1430
160	272	1421
161	273	1415
162	274	1408
163	275	1402
164	276	1396
165	276	1390
166	277	1384
167	278	1378
168	279	1372
169	279	1366
170	280	1360
171	281	1354
172	282	1348
173	282	1342
174	283	1336
175	284	1330
176	285	1325
177	285	1319
178	286	1314
179	287	1308
180	288	1303
181	288	1298
182	289	1293
183	290	1289
184	291	1283
185	292	1278
186	292	1273
187	293	1268
188	294	1263
189	295	1258
190	295	1253
191	296	1248
192	297	1244
193	298	1239
194	299	1234
195	299	1230
196	300	1225
197	301	1220
198	302	1216
199	302	1211
200	303	1206
201	304	1202
202	305	1199
203	306	1195
204	307	1191
205	307	1186
206	308	1182
207	309	1178
208	310	1174
209	311	1170
210	311	1166
211	312	1161
212	313	1157
213	314	1153
214	314	1149
215	315	1145
216	316	1142
217	317	1138
218	318	1134
219	319	1131
220	320	1128
221	320	1124
222	322	1122
223	323	1119
224	323	1115
225	324	1112
226	325	1109
227	326	1106
228	327	1103
229	328	1100
230	329	1097
231	330	1093
232	331	1090
233	332	1086
234	333	1084
235	334	1082
236	335	1079
237	336	1076
238	337	1073
239	338	1070
240	338	1067
241	339	1064
242	340	1060
243	341	1057
244	342	1054
245	343	1051
246	343	1048
247	344	1045
248	345	1042
249	346	1039
250	347	1036
251	348	1033
252	349	1031
253	350	1028
254	350	1025
255	351	1022
256	352	1019
257	353	1016
258	354	1013
259	355	1010
260	355	1007
261	356	1004
262	357	1001
263	358	999
264	359	996
265	360	993
266	360	990
267	361	988
268	362	985
269	363	983
270	364	981
271	365	978
272	366	975
273	367	973
274	368	970
275	368	967
276	369	964
277	370	962
278	371	959
279	372	957
280	373	954
281	373	951
282	374	949
283	375	946
284	376	943
285	377	941
286	378	939
287	379	938
288	380	936
289	381	934
290	382	931
291	383	929
292	384	926
293	385	924
294	386	922
295	387	920
296	387	918
297	388	916
298	389	914
299	390	911
300	393	912
301	394	910
302	394	908
303	395	906
304	396	904
305	397	901
306	398	899
307	399	896
308	399	894
309	400	892
310	401	889
311	402	887
312	403	884
313	403	882
314	404	879
315	405	877
316	406	875
317	407	873
318	407	870
319	408	868
320	409	866
321	410	863
322	410	861
323	411	858
324	412	856
325	413	854
326	414	852
327	415	850
328	415	848
329	416	845
330	417	843
331	418	841
332	419	839
333	419	837
334	420	835
335	421	833
336	422	831
337	423	829
338	424	827
339	424	824
340	425	822
341	426	820
342	427	818
343	427	816
344	428	813
345	429	811
346	430	809
347	431	807
348	431	805
349	432	803
350	433	801
351	434	800
352	435	798
353	436	796
354	437	795
355	438	792
356	439	790
357	439	788
358	440	787
359	441	785
360	442	783
361	443	781
362	444	779
363	444	777
364	445	775
365	446	773
366	447	771
367	448	770
368	449	768
369	450	766
370	451	764
371	451	763
372	453	761
373	454	760
374	454	758
375	455	756
376	456	754
377	457	752
378	458	750
379	459	749
380	459	747
381	460	745
382	461	743
383	462	741
384	463	740
385	464	738
386	465	737
387	466	736
388	467	734
389	468	732
390	469	730
391	470	729
392	471	727
393	471	725
394	472	724
395	473	722
396	474	720
397	475	719
398	476	717
399	477	715
400	477	713
401	479	712
402	479	710
403	480	709
404	481	707
405	482	705
406	482	703
407	483	701
408	484	700
409	485	698
410	486	696
411	486	694
412	487	693
413	488	691
414	489	690
415	490	688
416	491	686
417	491	684
418	492	683
419	493	681
420	494	680
421	495	678
422	496	676
423	496	675
424	497	673
425	498	671
426	499	669
427	499	668
428	500	666
429	501	664
430	502	663
431	503	661
432	504	660
433	504	658
434	505	656
435	506	655
436	507	654
437	508	652
438	509	651
439	510	649
440	511	648
441	511	646
442	512	644
443	513	642
444	514	641
445	515	640
446	516	638
447	517	637
448	518	635
449	518	634
450	519	632
451	520	630
452	521	629
453	522	627
454	522	626
455	523	624
456	524	623
457	525	621
458	526	620
459	526	618
460	527	616
461	528	615
462	529	613
463	530	612
464	530	610
465	531	609
466	532	607
467	533	606
468	534	604
469	535	603
470	536	602
471	537	601
472	538	599
473	539	598
474	540	596
475	540	595
476	541	594
477	542	592
478	543	591
479	544	589
480	545	588
481	546	587
482	547	585
483	547	584
484	548	582
485	549	581
486	550	579
487	551	578
488	552	577
489	553	575
490	553	574
491	554	572
492	556	572
493	557	570
494	558	569
495	558	567
496	559	566
497	560	564
498	561	563
499	561	561
500	562	560
501	563	558
502	564	557
503	564	555
504	565	554
505	566	553
506	567	551
507	568	550
508	569	548
509	569	547
510	570	546
511	571	544
512	572	543
513	573	541
514	574	540
515	574	539
516	575	537
517	576	536
518	577	534
519	577	533
520	578	531
521	579	530
522	580	529
523	580	527
524	581	526
525	582	525
526	583	523
527	584	522
528	585	521
529	586	519
530	586	518
531	587	516
532	588	515
533	589	514
534	589	512
535	590	511
536	591	509
537	592	508
538	592	507
539	593	505
540	594	504
541	595	503
542	596	501
543	597	500
544	597	499
545	598	497
546	599	496
547	600	495
548	601	493
549	601	492
550	602	491
551	603	489
552	604	488
553	604	486
554	605	485
555	606	484
556	607	482
557	608	481
558	608	480
559	609	479
560	610	477
561	611	476
562	612	475
563	613	474
564	614	473
565	615	471
566	616	470
567	616	469
568	617	467
569	618	466
570	619	465
571	620	463
572	620	462
573	621	461
574	622	460
575	623	458
576	624	457
577	625	456
578	626	455
579	627	454
580	628	453
581	629	451
582	629	450
583	630	449
584	631	447
585	632	446
586	632	445
587	633	443
588	634	442
589	635	441
590	635	440
591	636	438
592	637	437
593	638	436
594	639	435
595	640	434
596	641	433
597	642	431
598	643	430
599	643	429
600	644	428
601	645	426
602	646	425
603	647	424
604	647	423
605	648	421
606	649	420
607	650	419
608	651	418
609	651	416
610	652	415
611	653	414
612	654	413
613	655	412
614	656	411
615	657	409
616	658	408
617	659	407
618	659	406
619	660	404
620	661	403
621	662	402
622	663	401
623	663	399
624	664	398
625	665	397
626	666	396
627	667	395
628	667	393
629	669	392
630	670	392
631	671	390
632	672	389
633	672	388
634	673	387
635	674	385
636	675	384
637	675	383
638	676	382
639	677	381
640	678	379
641	679	378
642	680	377
643	680	376
644	681	375
645	682	374
646	683	373
647	685	372
648	685	370
649	686	369
650	687	368
651	688	367
652	689	366
653	690	365
654	690	363
655	692	362
656	693	361
657	693	360
658	694	359
659	695	358
660	696	357
661	697	356
662	698	354
663	699	353
664	700	352
665	701	351
666	701	350
667	702	349
668	703	348
669	704	346
670	705	345
671	705	344
672	707	343
673	707	342
674	708	341
675	709	340
676	710	338
677	711	337
678	712	336
679	713	335
680	714	334
681	715	333
682	715	332
683	716	331
684	717	330
685	718	328
686	719	327
687	720	326
688	721	325
689	721	324
690	722	323
691	723	322
692	724	320
693	725	319
694	726	318
695	727	317
696	728	316
697	729	315
698	730	314
699	731	313
700	731	312
701	732	311
702	733	310
703	734	308
704	735	307
705	736	306
706	737	305
707	737	304
708	738	303
709	739	302
710	740	300
711	741	299
712	742	299
713	743	297
714	744	296
715	745	295
716	746	294
717	746	293
718	747	292
719	748	291
720	749	289
721	750	288
722	750	287
723	751	286
724	752	285
725	753	284
726	754	283
727	755	282
728	756	281
729	757	280
730	758	279
731	759	278
732	760	277
733	761	275
734	762	274
735	763	273
736	764	272
737	765	271
738	766	270
739	767	269
740	768	268
741	769	267
742	770	266
743	771	265
744	772	264
745	773	263
746	774	262
747	774	261
748	775	259
749	776	258
750	777	257
751	778	256
752	779	255
753	779	254
754	780	253
755	781	252
756	782	251
757	782	249
758	783	248
759	784	247
760	785	246
761	786	245
762	787	244
763	788	243
764	789	242
765	789	241
766	790	240
767	791	239
768	792	237
769	792	236
770	793	235
771	794	234
772	795	233
773	795	232
774	796	231
775	797	230
776	798	229
777	799	228
778	800	227
779	801	225
780	802	224
781	802	223
782	803	222
783	804	221
784	805	220
785	806	219
786	806	218
787	807	217
788	808	216
789	808	215
790	809	213
791	810	212
792	811	211
793	811	210
794	812	209
795	813	208
796	814	207
797	815	206
798	816	205
799	817	204
800	818	203
801	818	202
802	819	201
803	820	200
804	821	199
805	822	197
806	823	196
807	823	195
808	824	194
809	825	193
810	826	192
811	826	191
812	827	190
813	829	189
814	830	188
815	831	187
816	832	186
817	832	185
818	833	184
819	834	183
820	836	182
821	837	181
822	837	180
823	838	179
824	839	178
825	840	176
826	841	175
827	841	174
828	842	173
829	843	172
830	844	171
831	845	170
832	845	169
833	846	168
834	847	167
835	848	166
836	849	165
837	851	164
838	852	163
839	852	162
840	853	161
841	854	160
842	855	159
843	855	158
844	856	157
845	857	156
846	858	155
847	859	153
848	859	152
849	860	151
850	861	150
851	862	149
852	863	148
853	864	147
854	865	146
855	866	145
856	867	144
857	867	143
858	868	142
859	869	141
860	870	140
861	871	139
862	871	138
863	872	137
864	873	136
865	874	135
866	875	134
867	875	133
868	876	132
869	877	131
870	878	130
871	879	129
872	880	128
873	881	127
874	882	126
875	882	124
876	883	123
877	884	122
878	885	121
879	886	120
880	886	119
881	887	118
882	888	117
883	889	116
884	890	115
885	890	114
886	891	113
887	892	112
888	894	111
889	895	110
890	896	109
891	897	108
892	897	107
893	898	106
894	900	105
895	900	104
896	901	103
897	902	102
898	903	101
899	904	100
900	904	99
901	905	98
902	906	97
903	907	96
904	908	95
905	909	94
906	910	93
907	910	92
908	911	91
909	912	90
910	913	89
911	914	88
912	914	87
913	915	86
914	916	85
915	917	84
916	918	83
917	918	82
918	919	81
919	920	80
920	921	79
921	922	78
922	923	77
923	924	76
924	925	75
925	925	73
926	926	72
927	927	71
928	928	70
929	928	69
930	929	68
931	930	67
932	931	66
933	931	65
934	932	64
935	933	63
936	934	62
937	935	61
938	935	60
939	937	59
940	938	58
941	939	57
942	939	56
943	940	55
944	941	54
945	942	53
946	943	52
947	943	51
948	944	50
949	945	49
950	946	48
951	947	47
952	947	46
953	948	45
954	949	44
955	950	43
956	951	42
957	952	41
958	953	40
959	954	39
960	956	38
961	956	37
962	957	36
963	958	35
964	959	34
965	960	33
966	961	32
967	961	31
968	962	30
969	963	29
970	964	28
971	964	27
972	966	26
973	967	25
974	968	24
975	968	23
976	969	22
977	970	21
978	971	20
979	972	19
980	972	18
981	973	17
982	974	16
983	975	15
984	976	14
985	976	13
986	977	12
987	978	11
988	979	10
989	979	9
990	980	8
991	981	7
992	982	6
993	983	5
994	983	4
995	984	3
996	985	2
997	986	1
998	986	0
999	987	0
